Workbook

Sheet 실습안내
B2: 3일차 · 예산 집행 분석(완성)
B4: 실습 목표 · 예산 집행 현황을 수식으로 집계하고 등급까지 자동 판정
B5: 교재 연계 · 2장 Section 05 (SUMIFS·COUNTIFS·IF/IFS·XLOOKUP), Section 06 (구간 판정), 3장 Section 10 (차트)
B6: 데이터 · 전부 가상 데이터입니다. 사업명·금액은 수업용으로 만든 값입니다.
B7: 진행 순서
B8: (3일차 오후에 직접 만듭니다. 2일차 오전 서식 실습은 (완성) 파일로 진행합니다.)
B9: 1) 예산집행 시트 F열 집행률(%) / G열 미집행액 → 예산액이 0인 행에서 #DIV/0! 가 나는 이유를 확인하고 IFERROR로 처리
B10: 2) H·I열 부서명·팀장을 부서코드표에서 XLOOKUP으로 가져오기 (엑셀 2019 이하는 INDEX+MATCH)
B11: 3) J열 등급: 90 이상 우수 / 70 이상 보통 / 그 미만 부진 (IFS)
B12: 4) 분석 시트: SUMIFS로 부서별 연간 예산·집행액, COUNTIFS로 부진 행 수, 분기별 집행액
B13: 5) 분석 시트 집행률 열로 막대 차트 삽입
B14: AI 활용 지점
... B18: 분석 시트 합계 행이 전체 집행률. 부진 행 수 등 세부 정답은 교안 HTML의 정답표와 대조하세요.

Sheet 예산집행
A1: 부서코드 | B1: 사업명 | C1: 예산액(천원) | D1: 집행액(천원) | E1: 분기 | F1: 집행률(%) | G1: 미집행액(천원) | H1: 부서명 | I1: 팀장 | J1: 등급
A2: D01 | B2: 노후도로 포장정비 | C2: 52000 | D2: 20900 | E2: 1분기 | F2: =IFERROR(ROUND(D2/C2*100,1),0) | G2: =C2-D2 | H2: =_xlfn.XLOOKUP(A2,부서코드표!$A$2:$A$9,부서코드표!$B$2:$B$9,"미등록") | I2: =_xlfn.XLOOKUP(A2,부서코드표!$A$2:$A$9,부서코드표!$C$2:$C$9,"미등록") | J2: =IF(C2=0,"예산없음",_xlfn.IFS(F2>=90,"우수",F2>=70,"보통",TRUE,"부진"))
A3: D01 | B3: 노후도로 포장정비 | C3: 50600 | D3: 20500 | E3: 2분기 | F3: =IFERROR(ROUND(D3/C3*100,1),0) | G3: =C3-D3 | H3: =_xlfn.XLOOKUP(A3,부서코드표!$A$2:$A$9,부서코드표!$B$2:$B$9,"미등록") | I3: =_xlfn.XLOOKUP(A3,부서코드표!$A$2:$A$9,부서코드표!$C$2:$C$9,"미등록") | J3: =IF(C3=0,"예산없음",_xlfn.IFS(F3>=90,"우수",F3>=70,"보통",TRUE,"부진"))
A4: D01 | B4: 노후도로 포장정비 | C4: 47900 | D4: 22000 | E4: 3분기 | F4: =IFERROR(ROUND(D4/C4*100,1),0) | G4: =C4-D4 | H4: =_xlfn.XLOOKUP(A4,부서코드표!$A$2:$A$9,부서코드표!$B$2:$B$9,"미등록") | I4: =_xlfn.XLOOKUP(A4,부서코드표!$A$2:$A$9,부서코드표!$C$2:$C$9,"미등록") | J4: =IF(C4=0,"예산없음",_xlfn.IFS(F4>=90,"우수",F4>=70,"보통",TRUE,"부진"))
A5: D01 | B5: 노후도로 포장정비 | C5: 39500 | D5: 16800 | E5: 4분기 | F5: =IFERROR(ROUND(D5/C5*100,1),0) | G5: =C5-D5 | H5: =_xlfn.XLOOKUP(A5,부서코드표!$A$2:$A$9,부서코드표!$B$2:$B$9,"미등록") | I5: =_xlfn.XLOOKUP(A5,부서코드표!$A$2:$A$9,부서코드표!$C$2:$C$9,"미등록") | J5: =IF(C5=0,"예산없음",_xlfn.IFS(F5>=90,"우수",F5>=70,"보통",TRUE,"부진"))
A6: D01 | B6: 보도블록 교체 | C6: 31900 | D6: 29600 | E6: 1분기 | F6: =IFERROR(ROUND(D6/C6*100,1),0) | G6: =C6-D6 | H6: =_xlfn.XLOOKUP(A6,부서코드표!$A$2:$A$9,부서코드표!$B$2:$B$9,"미등록") | I6: =_xlfn.XLOOKUP(A6,부서코드표!$A$2:$A$9,부서코드표!$C$2:$C$9,"미등록") | J6: =IF(C6=0,"예산없음",_xlfn.IFS(F6>=90,"우수",F6>=70,"보통",TRUE,"부진"))
A7: D01 | B7: 보도블록 교체 | C7: 22600 | D7: 20200 | E7: 2분기 | F7: =IFERROR(ROUND(D7/C7*100,1),0) | G7: =C7-D7 | H7: =_xlfn.XLOOKUP(A7,부서코드표!$A$2:$A$9,부서코드표!$B$2:$B$9,"미등록") | I7: =_xlfn.XLOOKUP(A7,부서코드표!$A$2:$A$9,부서코드표!$C$2:$C$9,"미등록") | J7: =IF(C7=0,"예산없음",_xlfn.IFS(F7>=90,"우수",F7>=70,"보통",TRUE,"부진"))
A8: D01 | B8: 보도블록 교체 | C8: 20100 | D8: 18700 | E8: 3분기 | F8: =IFERROR(ROUND(D8/C8*100,1),0) | G8: =C8-D8 | H8: =_xlfn.XLOOKUP(A8,부서코드표!$A$2:$A$9,부서코드표!$B$2:$B$9,"미등록") | I8: =_xlfn.XLOOKUP(A8,부서코드표!$A$2:$A$9,부서코드표!$C$2:$C$9,"미등록") | J8: =IF(C8=0,"예산없음",_xlfn.IFS(F8>=90,"우수",F8>=70,"보통",TRUE,"부진"))
A9: D01 | B9: 보도블록 교체 | C9: 28400 | D9: 20000 | E9: 4분기 | F9: =IFERROR(ROUND(D9/C9*100,1),0) | G9: =C9-D9 | H9: =_xlfn.XLOOKUP(A9,부서코드표!$A$2:$A$9,부서코드표!$B$2:$B$9,"미등록") | I9: =_xlfn.XLOOKUP(A9,부서코드표!$A$2:$A$9,부서코드표!$C$2:$C$9,"미등록") | J9: =IF(C9=0,"예산없음",_xlfn.IFS(F9>=90,"우수",F9>=70,"보통",TRUE,"부진"))
A10: D01 | B10: 도로안전시설 확충 | C10: 25200 | D10: 24900 | E10: 1분기 | F10: =IFERROR(ROUND(D10/C10*100,1),0) | G10: =C10-D10 | H10: =_xlfn.XLOOKUP(A10,부서코드표!$A$2:$A$9,부서코드표!$B$2:$B$9,"미등록") | I10: =_xlfn.XLOOKUP(A10,부서코드표!$A$2:$A$9,부서코드표!$C$2:$C$9,"미등록") | J10: =IF(C10=0,"예산없음",_xlfn.IFS(F10>=90,"우수",F10>=70,"보통",TRUE,"부진"))
A11: D01 | B11: 도로안전시설 확충 | C11: 34800 | D11: 31300 | E11: 2분기 | F11: =IFERROR(ROUND(D11/C11*100,1),0) | G11: =C11-D11 | H11: =_xlfn.XLOOKUP(A11,부서코드표!$A$2:$A$9,부서코드표!$B$2:$B$9,"미등록") | I11: =_xlfn.XLOOKUP(A11,부서코드표!$A$2:$A$9,부서코드표!$C$2:$C$9,"미등록") | J11: =IF(C11=0,"예산없음",_xlfn.IFS(F11>=90,"우수",F11>=70,"보통",TRUE,"부진"))
A12: D01 | B12: 도로안전시설 확충 | C12: 28000 | D12: 25600 | E12: 3분기 | F12: =IFERROR(ROUND(D12/C12*100,1),0) | G12: =C12-D12 | H12: =_xlfn.XLOOKUP(A12,부서코드표!$A$2:$A$9,부서코드표!$B$2:$B$9,"미등록") | I12: =_xlfn.XLOOKUP(A12,부서코드표!$A$2:$A$9,부서코드표!$C$2:$C$9,"미등록") | J12: =IF(C12=0,"예산없음",_xlfn.IFS(F12>=90,"우수",F12>=70,"보통",TRUE,"부진"))
A13: D01 | B13: 도로안전시설 확충 | C13: 38900 | D13: 29100 | E13: 4분기 | F13: =IFERROR(ROUND(D13/C13*100,1),0) | G13: =C13-D13 | H13: =_xlfn.XLOOKUP(A13,부서코드표!$A$2:$A$9,부서코드표!$B$2:$B$9,"미등록") | I13: =_xlfn.XLOOKUP(A13,부서코드표!$A$2:$A$9,부서코드표!$C$2:$C$9,"미등록") | J13: =IF(C13=0,"예산없음",_xlfn.IFS(F13>=90,"우수",F13>=70,"보통",TRUE,"부진"))
... A97: D08 | B97: 도서관 장서 확충 | C97: 50000 | D97: 30300 | E97: 4분기 | F97: =IFERROR(ROUND(D97/C97*100,1),0) | G97: =C97-D97 | H97: =_xlfn.XLOOKUP(A97,부서코드표!$A$2:$A$9,부서코드표!$B$2:$B$9,"미등록") | I97: =_xlfn.XLOOKUP(A97,부서코드표!$A$2:$A$9,부서코드표!$C$2:$C$9,"미등록") | J97: =IF(C97=0,"예산없음",_xlfn.IFS(F97>=90,"우수",F97>=70,"보통",TRUE,"부진"))

Sheet 부서코드표
A1: 부서코드 | B1: 부서명 | C1: 팀장(가상) | D1: 내선번호
A2: D01 | B2: 도로과 | C2: 최건우 | D2: 3100
A3: D02 | B3: 환경위생과 | C3: 안주원 | D3: 3110
A4: D03 | B4: 복지정책과 | C4: 최정훈 | D4: 3120
A5: D04 | B5: 건축과 | C5: 윤정훈 | D5: 3130
A6: D05 | B6: 교통행정과 | C6: 홍나연 | D6: 3140
A7: D06 | B7: 민원봉사과 | C7: 송다은 | D7: 3150
A8: D07 | B8: 기획예산과 | C8: 류소율 | D8: 3160
A9: D08 | B9: 문화체육과 | C9: 황성민 | D9: 3170

Sheet 분석
A1: 부서별 예산 집행 분석
A2: 집행률 = 집행액 ÷ 예산액 × 100 (예산액이 0인 행은 제외하여 계산) | H2: 분기별 집행액(천원)
A3: 부서코드 | B3: 부서명 | C3: 연간예산 | D3: 연간집행 | E3: 집행률(%) | F3: 부진 행 수 | G3: 등급 | H3: 1분기 | I3: 2분기 | J3: 3분기 | K3: 4분기
A4: D01 | B4: =_xlfn.XLOOKUP(A4,부서코드표!$A$2:$A$9,부서코드표!$B$2:$B$9,"미등록") | C4: =SUMIFS(예산집행!$C:$C,예산집행!$A:$A,$A4) | D4: =SUMIFS(예산집행!$D:$D,예산집행!$A:$A,$A4) | E4: =IFERROR(ROUND(D4/C4*100,1),0) | F4: =COUNTIFS(예산집행!$A:$A,$A4,예산집행!$C:$C,">0",예산집행!$F:$F,"<70") | G4: =_xlfn.IFS(E4>=90,"우수",E4>=70,"보통",TRUE,"부진") | H4: =SUMIFS(예산집행!$D:$D,예산집행!$A:$A,$A4,예산집행!$E:$E,H$3) | I4: =SUMIFS(예산집행!$D:$D,예산집행!$A:$A,$A4,예산집행!$E:$E,I$3) | J4: =SUMIFS(예산집행!$D:$D,예산집행!$A:$A,$A4,예산집행!$E:$E,J$3) | K4: =SUMIFS(예산집행!$D:$D,예산집행!$A:$A,$A4,예산집행!$E:$E,K$3)
A5: D02 | B5: =_xlfn.XLOOKUP(A5,부서코드표!$A$2:$A$9,부서코드표!$B$2:$B$9,"미등록") | C5: =SUMIFS(예산집행!$C:$C,예산집행!$A:$A,$A5) | D5: =SUMIFS(예산집행!$D:$D,예산집행!$A:$A,$A5) | E5: =IFERROR(ROUND(D5/C5*100,1),0) | F5: =COUNTIFS(예산집행!$A:$A,$A5,예산집행!$C:$C,">0",예산집행!$F:$F,"<70") | G5: =_xlfn.IFS(E5>=90,"우수",E5>=70,"보통",TRUE,"부진") | H5: =SUMIFS(예산집행!$D:$D,예산집행!$A:$A,$A5,예산집행!$E:$E,H$3) | I5: =SUMIFS(예산집행!$D:$D,예산집행!$A:$A,$A5,예산집행!$E:$E,I$3) | J5: =SUMIFS(예산집행!$D:$D,예산집행!$A:$A,$A5,예산집행!$E:$E,J$3) | K5: =SUMIFS(예산집행!$D:$D,예산집행!$A:$A,$A5,예산집행!$E:$E,K$3)
A6: D03 | B6: =_xlfn.XLOOKUP(A6,부서코드표!$A$2:$A$9,부서코드표!$B$2:$B$9,"미등록") | C6: =SUMIFS(예산집행!$C:$C,예산집행!$A:$A,$A6) | D6: =SUMIFS(예산집행!$D:$D,예산집행!$A:$A,$A6) | E6: =IFERROR(ROUND(D6/C6*100,1),0) | F6: =COUNTIFS(예산집행!$A:$A,$A6,예산집행!$C:$C,">0",예산집행!$F:$F,"<70") | G6: =_xlfn.IFS(E6>=90,"우수",E6>=70,"보통",TRUE,"부진") | H6: =SUMIFS(예산집행!$D:$D,예산집행!$A:$A,$A6,예산집행!$E:$E,H$3) | I6: =SUMIFS(예산집행!$D:$D,예산집행!$A:$A,$A6,예산집행!$E:$E,I$3) | J6: =SUMIFS(예산집행!$D:$D,예산집행!$A:$A,$A6,예산집행!$E:$E,J$3) | K6: =SUMIFS(예산집행!$D:$D,예산집행!$A:$A,$A6,예산집행!$E:$E,K$3)
A7: D04 | B7: =_xlfn.XLOOKUP(A7,부서코드표!$A$2:$A$9,부서코드표!$B$2:$B$9,"미등록") | C7: =SUMIFS(예산집행!$C:$C,예산집행!$A:$A,$A7) | D7: =SUMIFS(예산집행!$D:$D,예산집행!$A:$A,$A7) | E7: =IFERROR(ROUND(D7/C7*100,1),0) | F7: =COUNTIFS(예산집행!$A:$A,$A7,예산집행!$C:$C,">0",예산집행!$F:$F,"<70") | G7: =_xlfn.IFS(E7>=90,"우수",E7>=70,"보통",TRUE,"부진") | H7: =SUMIFS(예산집행!$D:$D,예산집행!$A:$A,$A7,예산집행!$E:$E,H$3) | I7: =SUMIFS(예산집행!$D:$D,예산집행!$A:$A,$A7,예산집행!$E:$E,I$3) | J7: =SUMIFS(예산집행!$D:$D,예산집행!$A:$A,$A7,예산집행!$E:$E,J$3) | K7: =SUMIFS(예산집행!$D:$D,예산집행!$A:$A,$A7,예산집행!$E:$E,K$3)
A8: D05 | B8: =_xlfn.XLOOKUP(A8,부서코드표!$A$2:$A$9,부서코드표!$B$2:$B$9,"미등록") | C8: =SUMIFS(예산집행!$C:$C,예산집행!$A:$A,$A8) | D8: =SUMIFS(예산집행!$D:$D,예산집행!$A:$A,$A8) | E8: =IFERROR(ROUND(D8/C8*100,1),0) | F8: =COUNTIFS(예산집행!$A:$A,$A8,예산집행!$C:$C,">0",예산집행!$F:$F,"<70") | G8: =_xlfn.IFS(E8>=90,"우수",E8>=70,"보통",TRUE,"부진") | H8: =SUMIFS(예산집행!$D:$D,예산집행!$A:$A,$A8,예산집행!$E:$E,H$3) | I8: =SUMIFS(예산집행!$D:$D,예산집행!$A:$A,$A8,예산집행!$E:$E,I$3) | J8: =SUMIFS(예산집행!$D:$D,예산집행!$A:$A,$A8,예산집행!$E:$E,J$3) | K8: =SUMIFS(예산집행!$D:$D,예산집행!$A:$A,$A8,예산집행!$E:$E,K$3)
A9: D06 | B9: =_xlfn.XLOOKUP(A9,부서코드표!$A$2:$A$9,부서코드표!$B$2:$B$9,"미등록") | C9: =SUMIFS(예산집행!$C:$C,예산집행!$A:$A,$A9) | D9: =SUMIFS(예산집행!$D:$D,예산집행!$A:$A,$A9) | E9: =IFERROR(ROUND(D9/C9*100,1),0) | F9: =COUNTIFS(예산집행!$A:$A,$A9,예산집행!$C:$C,">0",예산집행!$F:$F,"<70") | G9: =_xlfn.IFS(E9>=90,"우수",E9>=70,"보통",TRUE,"부진") | H9: =SUMIFS(예산집행!$D:$D,예산집행!$A:$A,$A9,예산집행!$E:$E,H$3) | I9: =SUMIFS(예산집행!$D:$D,예산집행!$A:$A,$A9,예산집행!$E:$E,I$3) | J9: =SUMIFS(예산집행!$D:$D,예산집행!$A:$A,$A9,예산집행!$E:$E,J$3) | K9: =SUMIFS(예산집행!$D:$D,예산집행!$A:$A,$A9,예산집행!$E:$E,K$3)
A10: D07 | B10: =_xlfn.XLOOKUP(A10,부서코드표!$A$2:$A$9,부서코드표!$B$2:$B$9,"미등록") | C10: =SUMIFS(예산집행!$C:$C,예산집행!$A:$A,$A10) | D10: =SUMIFS(예산집행!$D:$D,예산집행!$A:$A,$A10) | E10: =IFERROR(ROUND(D10/C10*100,1),0) | F10: =COUNTIFS(예산집행!$A:$A,$A10,예산집행!$C:$C,">0",예산집행!$F:$F,"<70") | G10: =_xlfn.IFS(E10>=90,"우수",E10>=70,"보통",TRUE,"부진") | H10: =SUMIFS(예산집행!$D:$D,예산집행!$A:$A,$A10,예산집행!$E:$E,H$3) | I10: =SUMIFS(예산집행!$D:$D,예산집행!$A:$A,$A10,예산집행!$E:$E,I$3) | J10: =SUMIFS(예산집행!$D:$D,예산집행!$A:$A,$A10,예산집행!$E:$E,J$3) | K10: =SUMIFS(예산집행!$D:$D,예산집행!$A:$A,$A10,예산집행!$E:$E,K$3)
A11: D08 | B11: =_xlfn.XLOOKUP(A11,부서코드표!$A$2:$A$9,부서코드표!$B$2:$B$9,"미등록") | C11: =SUMIFS(예산집행!$C:$C,예산집행!$A:$A,$A11) | D11: =SUMIFS(예산집행!$D:$D,예산집행!$A:$A,$A11) | E11: =IFERROR(ROUND(D11/C11*100,1),0) | F11: =COUNTIFS(예산집행!$A:$A,$A11,예산집행!$C:$C,">0",예산집행!$F:$F,"<70") | G11: =_xlfn.IFS(E11>=90,"우수",E11>=70,"보통",TRUE,"부진") | H11: =SUMIFS(예산집행!$D:$D,예산집행!$A:$A,$A11,예산집행!$E:$E,H$3) | I11: =SUMIFS(예산집행!$D:$D,예산집행!$A:$A,$A11,예산집행!$E:$E,I$3) | J11: =SUMIFS(예산집행!$D:$D,예산집행!$A:$A,$A11,예산집행!$E:$E,J$3) | K11: =SUMIFS(예산집행!$D:$D,예산집행!$A:$A,$A11,예산집행!$E:$E,K$3)
A12: 합계 | C12: =SUM(C4:C11) | D12: =SUM(D4:D11) | E12: =IFERROR(ROUND(D12/C12*100,1),0) | F12: =SUM(F4:F11) | H12: =SUM(H4:H11) | I12: =SUM(I4:I11) | J12: =SUM(J4:J11) | K12: =SUM(K4:K11)
