Workbook

Sheet 실습안내
B2: 3일차 · 인사 연차 관리(완성)
B4: 실습 목표 · 근속·연가·시간외근무 데이터를 날짜/시간 함수로 자동 계산
B5: 교재 연계 · 2장 Section 04 (절대·혼합 참조, 이름 정의), Section 05 (날짜·시간 함수), Section 06 (구간 기준표 조회)
B6: 데이터 · 전부 가상 데이터입니다. 연가기준표는 수업용 가상 기준이며 실제 복무 규정과 다를 수 있습니다.
B7: 진행 순서
B8: 1) 직원 시트 F열 근속연수 (DATEDIF), G열 근속개월 → 기준일은 설정 시트 B2 (절대참조 $B$2 사용)
B9: 2) H열 연가일수: 연가기준표에서 '근속개월 이상' 구간으로 조회 (XLOOKUP 일치 모드 -1 또는 LOOKUP)
B10: 3) J·K·L열: 잔여일수, 소진율, 잔여 10일 이상이면 '사용 안내' 표시
B11: 4) 시간외근무 시트: 퇴근이 자정을 넘는 행이 있습니다. 단순히 퇴근-출근으로 계산하면 음수가 나옵니다. 왜 그런지 AI에게 묻고 수정해 보세요.
B12: 5) 부서별현황 시트: COUNTIF / AVERAGEIFS / SUMIFS로 부서별 요약
B13: AI 활용 지점
B14: · 규정·기준 값(연가 일수 등)은 AI가 알려줘도 반드시 원문 규정으로 확인합니다. 수식은 맞아도 기준 값이 틀릴 수 있습니다.

Sheet 직원
A1: 사번 | B1: 이름 | C1: 부서코드 | D1: 직급 | E1: 임용일 | F1: 근속연수 | G1: 근속개월 | H1: 연가일수 | I1: 사용일수 | J1: 잔여일수 | K1: 소진율 | L1: 안내대상
A2: G001 | B2: 이은지 | C2: D01 | D2: 6급 | E2: 45295 | F2: =DATEDIF(E2,설정!$B$2,"y") | G2: =DATEDIF(E2,설정!$B$2,"m") | H2: =_xlfn.XLOOKUP(G2,연가기준표!$A$2:$A$9,연가기준표!$B$2:$B$9,0,-1) | I2: 6 | J2: =H2-I2 | K2: =IFERROR(I2/H2,0) | L2: =IF(J2=0,"소진",IF(J2>=10,"사용 안내","") )
A3: G002 | B3: 서정훈 | C3: D02 | D3: 9급 | E3: 44353 | F3: =DATEDIF(E3,설정!$B$2,"y") | G3: =DATEDIF(E3,설정!$B$2,"m") | H3: =_xlfn.XLOOKUP(G3,연가기준표!$A$2:$A$9,연가기준표!$B$2:$B$9,0,-1) | I3: 6 | J3: =H3-I3 | K3: =IFERROR(I3/H3,0) | L3: =IF(J3=0,"소진",IF(J3>=10,"사용 안내","") )
A4: G003 | B4: 조재현 | C4: D03 | D4: 8급 | E4: 45378 | F4: =DATEDIF(E4,설정!$B$2,"y") | G4: =DATEDIF(E4,설정!$B$2,"m") | H4: =_xlfn.XLOOKUP(G4,연가기준표!$A$2:$A$9,연가기준표!$B$2:$B$9,0,-1) | I4: 7 | J4: =H4-I4 | K4: =IFERROR(I4/H4,0) | L4: =IF(J4=0,"소진",IF(J4>=10,"사용 안내","") )
A5: G004 | B5: 신서윤 | C5: D04 | D5: 7급 | E5: 41784 | F5: =DATEDIF(E5,설정!$B$2,"y") | G5: =DATEDIF(E5,설정!$B$2,"m") | H5: =_xlfn.XLOOKUP(G5,연가기준표!$A$2:$A$9,연가기준표!$B$2:$B$9,0,-1) | I5: 2 | J5: =H5-I5 | K5: =IFERROR(I5/H5,0) | L5: =IF(J5=0,"소진",IF(J5>=10,"사용 안내","") )
A6: G005 | B6: 조도윤 | C6: D05 | D6: 7급 | E6: 44088 | F6: =DATEDIF(E6,설정!$B$2,"y") | G6: =DATEDIF(E6,설정!$B$2,"m") | H6: =_xlfn.XLOOKUP(G6,연가기준표!$A$2:$A$9,연가기준표!$B$2:$B$9,0,-1) | I6: 15 | J6: =H6-I6 | K6: =IFERROR(I6/H6,0) | L6: =IF(J6=0,"소진",IF(J6>=10,"사용 안내","") )
A7: G006 | B7: 송은지 | C7: D06 | D7: 6급 | E7: 43575 | F7: =DATEDIF(E7,설정!$B$2,"y") | G7: =DATEDIF(E7,설정!$B$2,"m") | H7: =_xlfn.XLOOKUP(G7,연가기준표!$A$2:$A$9,연가기준표!$B$2:$B$9,0,-1) | I7: 2 | J7: =H7-I7 | K7: =IFERROR(I7/H7,0) | L7: =IF(J7=0,"소진",IF(J7>=10,"사용 안내","") )
A8: G007 | B8: 한재현 | C8: D07 | D8: 7급 | E8: 46243 | F8: =DATEDIF(E8,설정!$B$2,"y") | G8: =DATEDIF(E8,설정!$B$2,"m") | H8: =_xlfn.XLOOKUP(G8,연가기준표!$A$2:$A$9,연가기준표!$B$2:$B$9,0,-1) | I8: 0 | J8: =H8-I8 | K8: =IFERROR(I8/H8,0) | L8: =IF(J8=0,"소진",IF(J8>=10,"사용 안내","") )
A9: G008 | B9: 박미래 | C9: D08 | D9: 6급 | E9: 46191 | F9: =DATEDIF(E9,설정!$B$2,"y") | G9: =DATEDIF(E9,설정!$B$2,"m") | H9: =_xlfn.XLOOKUP(G9,연가기준표!$A$2:$A$9,연가기준표!$B$2:$B$9,0,-1) | I9: 1 | J9: =H9-I9 | K9: =IFERROR(I9/H9,0) | L9: =IF(J9=0,"소진",IF(J9>=10,"사용 안내","") )
A10: G009 | B10: 권수아 | C10: D01 | D10: 6급 | E10: 43162 | F10: =DATEDIF(E10,설정!$B$2,"y") | G10: =DATEDIF(E10,설정!$B$2,"m") | H10: =_xlfn.XLOOKUP(G10,연가기준표!$A$2:$A$9,연가기준표!$B$2:$B$9,0,-1) | I10: 8 | J10: =H10-I10 | K10: =IFERROR(I10/H10,0) | L10: =IF(J10=0,"소진",IF(J10>=10,"사용 안내","") )
A11: G010 | B11: 홍다은 | C11: D02 | D11: 6급 | E11: 46122 | F11: =DATEDIF(E11,설정!$B$2,"y") | G11: =DATEDIF(E11,설정!$B$2,"m") | H11: =_xlfn.XLOOKUP(G11,연가기준표!$A$2:$A$9,연가기준표!$B$2:$B$9,0,-1) | I11: 1 | J11: =H11-I11 | K11: =IFERROR(I11/H11,0) | L11: =IF(J11=0,"소진",IF(J11>=10,"사용 안내","") )
A12: G011 | B12: 임재현 | C12: D03 | D12: 7급 | E12: 44205 | F12: =DATEDIF(E12,설정!$B$2,"y") | G12: =DATEDIF(E12,설정!$B$2,"m") | H12: =_xlfn.XLOOKUP(G12,연가기준표!$A$2:$A$9,연가기준표!$B$2:$B$9,0,-1) | I12: 7 | J12: =H12-I12 | K12: =IFERROR(I12/H12,0) | L12: =IF(J12=0,"소진",IF(J12>=10,"사용 안내","") )
A13: G012 | B13: 권건우 | C13: D04 | D13: 5급 | E13: 40325 | F13: =DATEDIF(E13,설정!$B$2,"y") | G13: =DATEDIF(E13,설정!$B$2,"m") | H13: =_xlfn.XLOOKUP(G13,연가기준표!$A$2:$A$9,연가기준표!$B$2:$B$9,0,-1) | I13: 20 | J13: =H13-I13 | K13: =IFERROR(I13/H13,0) | L13: =IF(J13=0,"소진",IF(J13>=10,"사용 안내","") )
... A41: G040 | B41: 최주원 | C41: D08 | D41: 7급 | E41: 41873 | F41: =DATEDIF(E41,설정!$B$2,"y") | G41: =DATEDIF(E41,설정!$B$2,"m") | H41: =_xlfn.XLOOKUP(G41,연가기준표!$A$2:$A$9,연가기준표!$B$2:$B$9,0,-1) | I41: 0 | J41: =H41-I41 | K41: =IFERROR(I41/H41,0) | L41: =IF(J41=0,"소진",IF(J41>=10,"사용 안내","") )

Sheet 연가기준표
A1: 근속개월(이상) | B1: 연가일수 | D1: ※ 수업용 가상 기준표입니다. 실제 연가 일수는 소속 기관의 복무 규정을 반드시 확인하세요.
A2: 0 | B2: 3
A3: 6 | B3: 4
A4: 12 | B4: 6
A5: 24 | B5: 9
A6: 36 | B6: 12
A7: 48 | B7: 14
A8: 60 | B8: 17
A9: 72 | B9: 21

Sheet 부서코드표
A1: 부서코드 | B1: 부서명
A2: D01 | B2: 도로과
A3: D02 | B3: 환경위생과
A4: D03 | B4: 복지정책과
A5: D04 | B5: 건축과
A6: D05 | B6: 교통행정과
A7: D06 | B7: 민원봉사과
A8: D07 | B8: 기획예산과
A9: D08 | B9: 문화체육과

Sheet 설정
A1: 항목 | B1: 값
A2: 기준일 | B2: 46326
A3: 안내 | B3: 수업 당일에는 B2를 =TODAY() 로 바꿔 보세요. 결과가 달라지는 이유를 AI에게 설명시켜 봅니다.

Sheet 시간외근무
A1: 일자 | B1: 사번 | C1: 이름 | D1: 출근 | E1: 퇴근 | F1: 근무시간(점심 1h 제외) | G1: 시간외(8h 초과)
A2: 46300 | B2: G001 | C2: =_xlfn.XLOOKUP(B2,직원!$A$2:$A$41,직원!$B$2:$B$41,"미등록") | D2: 0.36111111 | E2: 0.77083333 | F2: =ROUND((E2-D2+(E2<D2))*24-1,2) | G2: =MAX(0,F2-8)
A3: 46302 | B3: G001 | C3: =_xlfn.XLOOKUP(B3,직원!$A$2:$A$41,직원!$B$2:$B$41,"미등록") | D3: 0.36805556 | E3: 0.75694444 | F3: =ROUND((E3-D3+(E3<D3))*24-1,2) | G3: =MAX(0,F3-8)
A4: 46304 | B4: G001 | C4: =_xlfn.XLOOKUP(B4,직원!$A$2:$A$41,직원!$B$2:$B$41,"미등록") | D4: 0.36805556 | E4: 0.91666667 | F4: =ROUND((E4-D4+(E4<D4))*24-1,2) | G4: =MAX(0,F4-8)
A5: 46307 | B5: G001 | C5: =_xlfn.XLOOKUP(B5,직원!$A$2:$A$41,직원!$B$2:$B$41,"미등록") | D5: 0.36111111 | E5: 0.875 | F5: =ROUND((E5-D5+(E5<D5))*24-1,2) | G5: =MAX(0,F5-8)
A6: 46309 | B6: G001 | C6: =_xlfn.XLOOKUP(B6,직원!$A$2:$A$41,직원!$B$2:$B$41,"미등록") | D6: 0.36805556 | E6: 0.90277778 | F6: =ROUND((E6-D6+(E6<D6))*24-1,2) | G6: =MAX(0,F6-8)
A7: 46311 | B7: G001 | C7: =_xlfn.XLOOKUP(B7,직원!$A$2:$A$41,직원!$B$2:$B$41,"미등록") | D7: 0.36111111 | E7: 0.85416667 | F7: =ROUND((E7-D7+(E7<D7))*24-1,2) | G7: =MAX(0,F7-8)
A8: 46300 | B8: G002 | C8: =_xlfn.XLOOKUP(B8,직원!$A$2:$A$41,직원!$B$2:$B$41,"미등록") | D8: 0.36805556 | E8: 0.83333333 | F8: =ROUND((E8-D8+(E8<D8))*24-1,2) | G8: =MAX(0,F8-8)
A9: 46302 | B9: G002 | C9: =_xlfn.XLOOKUP(B9,직원!$A$2:$A$41,직원!$B$2:$B$41,"미등록") | D9: 0.36111111 | E9: 0.88194444 | F9: =ROUND((E9-D9+(E9<D9))*24-1,2) | G9: =MAX(0,F9-8)
A10: 46304 | B10: G002 | C10: =_xlfn.XLOOKUP(B10,직원!$A$2:$A$41,직원!$B$2:$B$41,"미등록") | D10: 0.36111111 | E10: 0.77777778 | F10: =ROUND((E10-D10+(E10<D10))*24-1,2) | G10: =MAX(0,F10-8)
A11: 46307 | B11: G002 | C11: =_xlfn.XLOOKUP(B11,직원!$A$2:$A$41,직원!$B$2:$B$41,"미등록") | D11: 0.36111111 | E11: 0.88194444 | F11: =ROUND((E11-D11+(E11<D11))*24-1,2) | G11: =MAX(0,F11-8)
A12: 46309 | B12: G002 | C12: =_xlfn.XLOOKUP(B12,직원!$A$2:$A$41,직원!$B$2:$B$41,"미등록") | D12: 0.36111111 | E12: 0.94444444 | F12: =ROUND((E12-D12+(E12<D12))*24-1,2) | G12: =MAX(0,F12-8)
A13: 46311 | B13: G002 | C13: =_xlfn.XLOOKUP(B13,직원!$A$2:$A$41,직원!$B$2:$B$41,"미등록") | D13: 0.35416667 | E13: 0.83333333 | F13: =ROUND((E13-D13+(E13<D13))*24-1,2) | G13: =MAX(0,F13-8)
... A49: 46311 | B49: G008 | C49: =_xlfn.XLOOKUP(B49,직원!$A$2:$A$41,직원!$B$2:$B$41,"미등록") | D49: 0.35416667 | E49: 0.75 | F49: =ROUND((E49-D49+(E49<D49))*24-1,2) | G49: =MAX(0,F49-8)

Sheet 부서별현황
A1: 부서코드 | B1: 부서명 | C1: 인원 | D1: 평균 소진율 | E1: 잔여일수 합계 | F1: 안내대상 인원 | H1: 사번 | I1: 시간외 합계(h)
A2: D01 | B2: =_xlfn.XLOOKUP(A2,부서코드표!$A$2:$A$9,부서코드표!$B$2:$B$9,"미등록") | C2: =COUNTIF(직원!$C:$C,A2) | D2: =IFERROR(AVERAGEIFS(직원!$K:$K,직원!$C:$C,A2),0) | E2: =SUMIFS(직원!$J:$J,직원!$C:$C,A2) | F2: =COUNTIFS(직원!$C:$C,A2,직원!$L:$L,"사용 안내") | H2: G001 | I2: =SUMIFS(시간외근무!$G:$G,시간외근무!$B:$B,H2)
A3: D02 | B3: =_xlfn.XLOOKUP(A3,부서코드표!$A$2:$A$9,부서코드표!$B$2:$B$9,"미등록") | C3: =COUNTIF(직원!$C:$C,A3) | D3: =IFERROR(AVERAGEIFS(직원!$K:$K,직원!$C:$C,A3),0) | E3: =SUMIFS(직원!$J:$J,직원!$C:$C,A3) | F3: =COUNTIFS(직원!$C:$C,A3,직원!$L:$L,"사용 안내") | H3: G002 | I3: =SUMIFS(시간외근무!$G:$G,시간외근무!$B:$B,H3)
A4: D03 | B4: =_xlfn.XLOOKUP(A4,부서코드표!$A$2:$A$9,부서코드표!$B$2:$B$9,"미등록") | C4: =COUNTIF(직원!$C:$C,A4) | D4: =IFERROR(AVERAGEIFS(직원!$K:$K,직원!$C:$C,A4),0) | E4: =SUMIFS(직원!$J:$J,직원!$C:$C,A4) | F4: =COUNTIFS(직원!$C:$C,A4,직원!$L:$L,"사용 안내") | H4: G003 | I4: =SUMIFS(시간외근무!$G:$G,시간외근무!$B:$B,H4)
A5: D04 | B5: =_xlfn.XLOOKUP(A5,부서코드표!$A$2:$A$9,부서코드표!$B$2:$B$9,"미등록") | C5: =COUNTIF(직원!$C:$C,A5) | D5: =IFERROR(AVERAGEIFS(직원!$K:$K,직원!$C:$C,A5),0) | E5: =SUMIFS(직원!$J:$J,직원!$C:$C,A5) | F5: =COUNTIFS(직원!$C:$C,A5,직원!$L:$L,"사용 안내") | H5: G004 | I5: =SUMIFS(시간외근무!$G:$G,시간외근무!$B:$B,H5)
A6: D05 | B6: =_xlfn.XLOOKUP(A6,부서코드표!$A$2:$A$9,부서코드표!$B$2:$B$9,"미등록") | C6: =COUNTIF(직원!$C:$C,A6) | D6: =IFERROR(AVERAGEIFS(직원!$K:$K,직원!$C:$C,A6),0) | E6: =SUMIFS(직원!$J:$J,직원!$C:$C,A6) | F6: =COUNTIFS(직원!$C:$C,A6,직원!$L:$L,"사용 안내") | H6: G005 | I6: =SUMIFS(시간외근무!$G:$G,시간외근무!$B:$B,H6)
A7: D06 | B7: =_xlfn.XLOOKUP(A7,부서코드표!$A$2:$A$9,부서코드표!$B$2:$B$9,"미등록") | C7: =COUNTIF(직원!$C:$C,A7) | D7: =IFERROR(AVERAGEIFS(직원!$K:$K,직원!$C:$C,A7),0) | E7: =SUMIFS(직원!$J:$J,직원!$C:$C,A7) | F7: =COUNTIFS(직원!$C:$C,A7,직원!$L:$L,"사용 안내") | H7: G006 | I7: =SUMIFS(시간외근무!$G:$G,시간외근무!$B:$B,H7)
A8: D07 | B8: =_xlfn.XLOOKUP(A8,부서코드표!$A$2:$A$9,부서코드표!$B$2:$B$9,"미등록") | C8: =COUNTIF(직원!$C:$C,A8) | D8: =IFERROR(AVERAGEIFS(직원!$K:$K,직원!$C:$C,A8),0) | E8: =SUMIFS(직원!$J:$J,직원!$C:$C,A8) | F8: =COUNTIFS(직원!$C:$C,A8,직원!$L:$L,"사용 안내") | H8: G007 | I8: =SUMIFS(시간외근무!$G:$G,시간외근무!$B:$B,H8)
A9: D08 | B9: =_xlfn.XLOOKUP(A9,부서코드표!$A$2:$A$9,부서코드표!$B$2:$B$9,"미등록") | C9: =COUNTIF(직원!$C:$C,A9) | D9: =IFERROR(AVERAGEIFS(직원!$K:$K,직원!$C:$C,A9),0) | E9: =SUMIFS(직원!$J:$J,직원!$C:$C,A9) | F9: =COUNTIFS(직원!$C:$C,A9,직원!$L:$L,"사용 안내") | H9: G008 | I9: =SUMIFS(시간외근무!$G:$G,시간외근무!$B:$B,H9)
